customer_id,customer_name,email,sub_tier,created_at
1888,Pattara Dingam,pattara.dingam@email.com,Platinum,2023-09-20
1199,Kamon Choosri,kamon.choosri@email.com,Bronze,2021-05-03
1379,Somchai Ongkham,somchai.ongkham@email.com,Silver,2022-02-13
1679,Somchai Ongkham,somchai.ongkham@email.com,Platinum,2021-10-10
1105,Narin Klinkaew,narin.klinkaew@email.com,Silver,2023-01-16
1531,Somchai Fongfah,somchai.fongfah@email.com,Bronze,2022-08-28
1537,Somsri Udomsak,somsri.udomsak@email.com,Bronze,2023-11-02
1302,Pattara Dingam,pattara.dingam@email.com,Platinum,2022-11-26
1680,Somsri Ongkham,somsri.ongkham@email.com,Platinum,2022-01-16
1577,Itthipat Mongkol,itthipat.mongkol@email.com,Gold,2021-02-01
1202,Kamon Rakdee,kamon.rakdee@email.com,Platinum,2023-06-16
1250,Wanna Panya,wanna.panya@email.com,Gold,2021-11-20
1340,Burin Ongkham,burin.ongkham@email.com,Gold,2022-11-27
1962,Siriporn Klinkaew,siriporn.klinkaew@email.com,Gold,2023-01-08
1898,Siriporn Fongfah,siriporn.fongfah@email.com,Bronze,2022-08-07
1528,Kamon Sukjai,kamon.sukjai@email.com,Bronze,2022-06-20
1061,Narin Klinkaew,narin.klinkaew@email.com,Platinum,2022-06-28
1312,Pattara Dingam,pattara.dingam@email.com,Bronze,2022-12-19
1225,Narin Dingam,narin.dingam@email.com,Silver,2021-05-23
1264,Kamon Panya,kamon.panya@email.com,Gold,2022-11-25
1161,Pattara Ongkham,pattara.ongkham@email.com,Gold,2022-10-23
1366,Siriporn Rakdee,siriporn.rakdee@email.com,Bronze,2023-05-18
1285,Siriporn Sukjai,siriporn.sukjai@email.com,Bronze,2022-07-22
1523,Somsri Ongkham,somsri.ongkham@email.com,Platinum,2023-11-22
1684,Wanna Panya,,Silver,2022-02-04
1843,Pattara Sukjai,pattara.sukjai@email.com,Silver,2021-11-30
1255,Kamon Klinkaew,kamon.klinkaew@email.com,Platinum,2022-07-17
1191,Somsri Sukjai,somsri.sukjai@email.com,Bronze,2021-07-23
1883,Pattara Fongfah,pattara.fongfah@email.com,Gold,2021-02-11
1516,Siriporn Fongfah,siriporn.fongfah@email.com,Bronze,2021-01-19
1855,Burin Fongfah,burin.fongfah@email.com,Platinum,2022-02-13
1546,Narin Mongkol,narin.mongkol@email.com,Bronze,2021-05-04
1149,Somsri Choosri,somsri.choosri@email.com,Silver,2021-09-16
1100,Wanna Udomsak,wanna.udomsak@email.com,Gold,2022-01-01
1576,Itthipat Sukjai,itthipat.sukjai@email.com,Silver,2023-09-09
1744,Somchai Rakdee,somchai.rakdee@email.com,Silver,2022-07-23
1817,Siriporn Dingam,siriporn.dingam@email.com,Gold,2023-01-05
1294,Kamon Panya,,Bronze,2021-05-05
1589,Somchai Mongkol,somchai.mongkol@email.com,Gold,2023-09-28
1330,Kamon Fongfah,kamon.fongfah@email.com,Gold,2021-09-03
1586,Kamon Rakdee,kamon.rakdee@email.com,Platinum,2022-08-28
1616,Itthipat Udomsak,itthipat.udomsak@email.com,Gold,2023-03-24
1425,Narin Sukjai,narin.sukjai@email.com,SILVER,2021-11-11
1415,Narin Udomsak,narin.udomsak@email.com,Platinum,2022-01-05
1262,Siriporn Dingam,siriporn.dingam@email.com,Silver,2023-01-20
1510,Pattara Udomsak,pattara.udomsak@email.com,Silver,2021-01-11
1504,Kamon Udomsak,kamon.udomsak@email.com,Gold,2023-06-25
1286,Siriporn Choosri,siriporn.choosri@email.com,Gold,2021-12-24
1575,Narin Sukjai,narin.sukjai@email.com,Bronze,2021-05-30
1587,Siriporn Dingam,siriporn.dingam@email.com,Gold,2022-04-17
1541,Somchai Panya,somchai.panya@email.com,Bronze,2023-07-18
1294,Kamon Panya,kamon.panya@email.com,Bronze,2021-05-05
1991,Fah Rakdee,fah.rakdee@email.com,Platinum,2023-01-15
1502,Kamon Udomsak,kamon.udomsak@email.com,Platinum,2023-03-20
1578,Itthipat Dingam,itthipat.dingam@email.com,Bronze,2023-09-08
1442,Narin Ongkham,narin.ongkham@email.com,Bronze,2021-09-14
1643,Narin Fongfah,narin.fongfah@email.com,Platinum,2023-01-18
1068,Itthipat Ongkham,itthipat.ongkham@email.com,Bronze,2022-05-20
1990,Fah Klinkaew,fah.klinkaew@email.com,Silver,2023-07-20
1296,Pattara Panya,pattara.panya@email.com,Bronze,2021-06-15
1073,Fah Udomsak,fah.udomsak@email.com,Bronze,2023-07-28
1339,Itthipat Ongkham,itthipat.ongkham@email.com,Platinum,2023-12-10
1792,Kamon Choosri,kamon.choosri@email.com,Bronze,2023-04-09
1270,Wanna Sukjai,wanna.sukjai@email.com,Gold,2022-03-30
1037,Kamon Dingam,kamon.dingam@email.com,Bronze,2022-05-09
1412,Fah Ongkham,fah.ongkham@email.com,Platinum,2023-06-20
1859,Kamon Udomsak,kamon.udomsak@email.com,Platinum,2022-01-14
1588,Narin Sukjai,narin.sukjai@email.com,Silver,2023-10-20
1730,Burin Choosri,burin.choosri@email.com,Bronze,2023-02-26
1273,Kamon Panya,kamon.panya@email.com,Bronze,2021-07-19
1444,Somchai Mongkol,somchai.mongkol@email.com,Silver,2022-01-08
1522,Kamon Sukjai,kamon.sukjai@email.com,Silver,2021-12-26
1269,Fah Udomsak,fah.udomsak@email.com,Silver,2023-08-24
1364,Kamon Ongkham,kamon.ongkham@email.com,Silver,2021-06-23
1759,Itthipat Rakdee,itthipat.rakdee@email.com,Bronze,2021-04-01
1765,Somchai Klinkaew,somchai.klinkaew@email.com,Silver,2022-04-03
1738,Fah Choosri,fah.choosri@email.com,Platinum,2023-05-12
1116,Itthipat Fongfah,Itthipat.Fongfah,platinum,2022-02-12
1603,Narin Panya,narin.panya@email.com,Silver,2022-04-08
1165,Pattara Dingam,pattara.dingam@email.com,Gold,2022-06-14
1217,Wanna Dingam,wanna.dingam@email.com,Gold,2021-09-26
1210,Fah Udomsak,fah.udomsak@email.com,Silver,2022-11-07
1282,Wanna Mongkol,wanna.mongkol@email.com,Silver,2021-09-15
1979,Siriporn Rakdee,siriporn.rakdee@email.com,Platinum,2023-10-13
1800,Wanna Panya,wanna.panya@email.com,Bronze,2021-12-11
1552,Siriporn Dingam,siriporn.dingam@email.com,Bronze,2021-02-16
1828,Kamon Mongkol,kamon.mongkol@email.com,Silver,2021-11-19
1929,Fah Choosri,fah.choosri@email.com,Gold,2021-04-29
1393,Kamon Dingam,kamon.dingam@email.com,Gold,2021-09-07
1038,Somsri Udomsak,somsri.udomsak@email.com,Bronze,2023-09-23
1479,Itthipat Sukjai,itthipat.sukjai@email.com,Platinum,2023-10-22
1099,Kamon Mongkol,kamon.mongkol@email.com,Platinum,2022-11-10
1453,Wanna Udomsak,wanna.udomsak@email.com,Bronze,2022-06-27
1368,Kamon Choosri,kamon.choosri@email.com,Silver,2022-12-01
1788,Kamon Udomsak,kamon.udomsak@email.com,Bronze,2021-11-19
1938,Somchai Sukjai,somchai.sukjai@email.com,Gold,2021-12-09
1002,Itthipat Choosri,itthipat.choosri@email.com,Bronze,2021-06-28
1928,Fah Choosri,fah.choosri@email.com,Bronze,2023-09-26
1422,Somchai Choosri,somchai.choosri@email.com,Bronze,2021-10-20
1534,Somsri Mongkol,somsri.mongkol@email.com,Platinum,2023-08-23
1113,Pattara Panya,pattara.panya@email.com,Silver,2023-11-13
1644,Burin Sukjai,burin.sukjai@email.com,Silver,2022-01-04
1433,Burin Choosri,burin.choosri@email.com,Bronze,2023-07-15
1539,Fah Rakdee,fah.rakdee@email.com,Platinum,2021-08-27
1610,Burin Fongfah,burin.fongfah@email.com,Bronze,2022-01-03
1107,Burin Fongfah,burin.fongfah@email.com,Gold,2023-04-17
1597,Wanna Klinkaew,wanna.klinkaew@email.com,Platinum,2021-01-25
1150,Pattara Udomsak,pattara.udomsak@email.com,Silver,2023-08-11
1201,Burin Panya,burin.panya@email.com,Gold,2023-04-05
1197,Burin Dingam,burin.dingam@email.com,Gold,2022-02-10
1563,Kamon Choosri,kamon.choosri@email.com,Silver,2023-04-27
1869,Pattara Choosri,pattara.choosri@email.com,Silver,2022-03-10
1515,Siriporn Klinkaew,siriporn.klinkaew@email.com,Platinum,2023-10-12
1129,Itthipat Fongfah,itthipat.fongfah@email.com,Gold,2022-10-17
1893,Wanna Panya,wanna.panya@email.com,Bronze,2023-01-09
1193,Siriporn Dingam,,Silver,2021-06-03
1527,Itthipat Panya,itthipat.panya@email.com,Gold,2022-11-07
1813,Wanna Panya,wanna.panya@email.com,Gold,2022-04-22
1464,Wanna Fongfah,wanna.fongfah@email.com,Platinum,2023-05-07
1903,Siriporn Sukjai,siriporn.sukjai@email.com,Bronze,2022-04-04
1826,Somchai Mongkol,somchai.mongkol@email.com,Bronze,2023-02-05
1514,Somchai Klinkaew,somchai.klinkaew@email.com,Silver,2023-05-06
1410,Wanna Dingam,wanna.dingam@email.com,Gold,2023-01-02
1530,Pattara Fongfah,pattara.fongfah@email.com,Silver,2023-04-11
1284,Somsri Dingam,somsri.dingam@email.com,Silver,2022-11-04
1030,Kamon Rakdee,kamon.rakdee@email.com,Bronze,2021-08-23
1689,Somchai Fongfah,somchai.fongfah@email.com,Silver,2023-07-26
1892,Itthipat Dingam,itthipat.dingam@email.com,Bronze,2022-05-26
1638,Narin Mongkol,narin.mongkol@email.com,gold,2022-11-06
1267,Narin Klinkaew,narin.klinkaew@email.com,Gold,2021-09-11
1778,Narin Mongkol,narin.mongkol@email.com,Platinum,2021-06-23
1956,Siriporn Klinkaew,siriporn.klinkaew@email.com,Platinum,2022-03-02
1322,Siriporn Choosri,siriporn.choosri@email.com,Bronze,2021-06-17
1218,Kamon Panya,kamon.panya@email.com,Platinum,2021-09-06
1694,Pattara Fongfah,pattara.fongfah@email.com,Gold,2021-06-28
1666,Somchai Ongkham,somchai.ongkham@email.com,Platinum,2022-04-20
1882,Narin Mongkol,narin.mongkol@email.com,Silver,2021-04-11
1018,Somchai Dingam,somchai.dingam@email.com,Silver,2023-08-05
1572,Itthipat Fongfah,itthipat.fongfah@email.com,Silver,2022-11-08
1456,Pattara Dingam,pattara.dingam@email.com,Platinum,2022-09-02
1058,Somchai Klinkaew,somchai.klinkaew@email.com,Bronze,2022-04-30
1090,Wanna Mongkol,wanna.mongkol@email.com,Silver,2022-05-27
1204,Fah Sukjai,fah.sukjai@email.com,Gold,2021-02-22
1825,Siriporn Sukjai,siriporn.sukjai@email.com,Silver,2021-08-16
1686,Pattara Ongkham,pattara.ongkham@email.com,Platinum,2023-09-28
1763,Fah Dingam,fah.dingam@email.com,Platinum,2022-10-18
1292,Somsri Udomsak,somsri.udomsak@email.com,Platinum,2023-10-29
1559,Itthipat Klinkaew,itthipat.klinkaew@email.com,Platinum,2023-06-18
1180,Siriporn Fongfah,siriporn.fongfah@email.com,Bronze,2021-04-22
1257,Kamon Dingam,kamon.dingam@email.com,Gold,2022-03-25
1337,Wanna Mongkol,wanna.mongkol@email.com,Silver,2023-08-01
1834,Somsri Mongkol,somsri.mongkol@email.com,Silver,2021-08-02
1343,Fah Choosri,fah.choosri@email.com,Silver,2021-07-30
1625,Siriporn Udomsak,siriporn.udomsak@email.com,Silver,2023-06-02
1179,Siriporn Fongfah,siriporn.fongfah@email.com,Bronze,2023-12-30
1728,Fah Dingam,fah.dingam@email.com,Silver,2023-04-24
1872,Somsri Fongfah,somsri.fongfah@email.com,Gold,2021-05-18
1378,Pattara Fongfah,pattara.fongfah@email.com,Platinum,2023-10-27
1975,Fah Klinkaew,fah.klinkaew@email.com,Silver,2022-11-24
1916,Itthipat Rakdee,itthipat.rakdee@email.com,Platinum,2023-01-05
1804,Kamon Panya,kamon.panya@email.com,Silver,2021-03-12
1396,Somchai Sukjai,somchai.sukjai@email.com,Silver,2021-10-22
1261,Burin Fongfah,burin.fongfah@email.com,Gold,2023-05-01
1596,Wanna Sukjai,wanna.sukjai@email.com,Platinum,2023-09-27
1678,Burin Choosri,burin.choosri@email.com,Gold,2021-10-17
1278,Pattara Panya,pattara.panya@email.com,Silver,2023-01-13
1039,Burin Rakdee,burin.rakdee@email.com,Silver,2021-09-20
1977,Itthipat Panya,itthipat.panya@email.com,Gold,2023-02-28
1663,Kamon Klinkaew,kamon.klinkaew@email.com,Bronze,2021-02-16
1448,Somchai Fongfah,somchai.fongfah@email.com,Bronze,2022-05-29
1608,Somchai Klinkaew,somchai.klinkaew@email.com,Silver,2022-03-09
1403,Fah Dingam,fah.dingam@email.com,Bronze,2022-11-12
1723,Pattara Udomsak,pattara.udomsak@email.com,Silver,2023-02-24
1729,Somsri Panya,somsri.panya@email.com,Silver,2021-06-27
1673,Kamon Panya,kamon.panya@email.com,Gold,2023-03-07
1877,Burin Sukjai,burin.sukjai@email.com,Bronze,2022-08-09
1497,Siriporn Panya,siriporn.panya@email.com,Gold,2022-12-27
1633,Siriporn Udomsak,siriporn.udomsak@email.com,Silver,2023-06-10
1999,Narin Klinkaew,narin.klinkaew@email.com,Bronze,2023-07-12
1436,Siriporn Choosri,siriporn.choosri@email.com,Gold,2023-11-08
1550,Narin Udomsak,narin.udomsak@email.com,Silver,2022-12-14
1413,Narin Mongkol,narin.mongkol@email.com,Silver,2023-10-14
1865,Somchai Klinkaew,somchai.klinkaew@email.com,Platinum,2023-12-07
1336,Narin Fongfah,narin.fongfah@email.com,Bronze,2023-04-10
1537,Somsri Udomsak,,Bronze,2023-11-02
1033,Wanna Fongfah,wanna.fongfah@email.com,Silver,2023-11-06
1341,Itthipat Mongkol,itthipat.mongkol@email.com,Silver,2021-06-06
1004,,burin.dingam@email.com,Silver,2023-11-01
1857,Kamon Udomsak,kamon.udomsak@email.com,Platinum,2021-08-25
1083,Wanna Udomsak,wanna.udomsak@email.com,Platinum,2022-07-21
1846,Burin Mongkol,burin.mongkol@email.com,Silver,2023-02-08
1428,Fah Ongkham,fah.ongkham@email.com,Gold,2022-07-25
1317,Wanna Choosri,wanna.choosri@email.com,Silver,2023-04-01
1062,Pattara Fongfah,pattara.fongfah@email.com,Platinum,2023-09-24
1015,Burin Ongkham,burin.ongkham@email.com,Gold,2023-07-18
1664,Fah Udomsak,fah.udomsak@email.com,Silver,2022-05-15
1641,Fah Choosri,fah.choosri@email.com,Platinum,2022-10-16
1183,Pattara Panya,pattara.panya@email.com,Gold,2022-01-13
1049,Itthipat Rakdee,itthipat.rakdee@email.com,Silver,2023-08-27
1675,Fah Panya,fah.panya@email.com,Silver,2022-09-02
1713,Pattara Klinkaew,pattara.klinkaew@email.com,Bronze,2021-11-20
1436,,siriporn.choosri@email.com,Gold,2023-11-08
1277,Kamon Klinkaew,kamon.klinkaew@email.com,Gold,2022-03-21
1226,Kamon Ongkham,kamon.ongkham@email.com,Gold,2023-11-06
1496,Pattara Rakdee,null,Platinum,2022-10-05
1908,Wanna Rakdee,wanna.rakdee@email.com,Gold,2022-08-02
1195,Somsri Panya,somsri.panya@email.com,Gold,2021-03-08
2000,Pattara Sukjai,pattara.sukjai@email.com,Silver,2023-10-19
1768,Burin Rakdee,burin.rakdee@email.com,Platinum,2021-01-17
1850,Wanna Udomsak,wanna.udomsak@email.com,Gold,2022-02-25
1808,Narin Dingam,narin.dingam@email.com,Silver,2021-02-09
1080,Burin Rakdee,burin.rakdee@email.com,Silver,2022-07-12
1508,Wanna Rakdee,wanna.rakdee@email.com,Silver,2022-04-22
1549,Fah Ongkham,fah.ongkham@email.com,Platinum,2023-02-13
1314,Somsri Dingam,somsri.dingam@email.com,Platinum,2021-02-23
1013,Somsri Dingam,somsri.dingam@email.com,Bronze,2021-04-04
1772,Siriporn Klinkaew,siriporn.klinkaew@email.com,Platinum,2021-02-18
1174,Kamon Fongfah,kamon.fongfah@email.com,Gold,2022-04-18
1824,Siriporn Mongkol,siriporn.mongkol@email.com,Bronze,2021-02-14
1654,Burin Klinkaew,burin.klinkaew@email.com,Bronze,2022-06-14
1924,Pattara Dingam,pattara.dingam@email.com,Bronze,2023-02-21
1992,Pattara Udomsak,pattara.udomsak@email.com,Bronze,2022-03-31
1375,Pattara Sukjai,pattara.sukjai@email.com,Gold,2023-07-09
1060,Itthipat Ongkham,itthipat.ongkham@email.com,Bronze,2021-12-04
1750,Kamon Choosri,kamon.choosri@email.com,Bronze,2021-01-26
1401,Pattara Klinkaew,pattara.klinkaew@email.com,Platinum,2023-02-04
1960,Kamon Dingam,kamon.dingam@email.com,Platinum,2022-08-30
1816,Somsri Ongkham,somsri.ongkham@email.com,Gold,2021-12-22
1513,Kamon Klinkaew,kamon.klinkaew@email.com,Bronze,2022-04-21
1131,Itthipat Ongkham,itthipat.ongkham@email.com,Silver,2022-03-15
1481,Fah Panya,fah.panya@email.com,Platinum,2021-11-02
1281,Pattara Udomsak,pattara.udomsak@email.com,Silver,2021-02-13
1793,Pattara Rakdee,pattara.rakdee@email.com,Silver,2021-07-13
1327,Somchai Fongfah,somchai.fongfah@email.com,Bronze,2022-03-28
1523,Somsri Ongkham,somsri.ongkham@email.com,Platinum,2023-11-22
1411,Wanna Mongkol,Wanna.Mongkol@,Gold,2021-09-12
1306,Burin Udomsak,burin.udomsak@email.com,Bronze,2023-06-04
1847,Siriporn Udomsak,siriporn.udomsak@email.com,Bronze,2022-11-24
1471,Somsri Panya,somsri.panya@email.com,Gold,2021-01-17
1143,Wanna Fongfah,wanna.fongfah@email.com,Platinum,2022-11-02
1301,Burin Rakdee,burin.rakdee@email.com,Silver,2023-05-31
1132,Burin Ongkham,burin.ongkham@email.com,Platinum,2022-11-09
1931,Siriporn Sukjai,siriporn.sukjai@email.com,Silver,2023-09-30
1089,Siriporn Klinkaew,siriporn.klinkaew@email.com,Gold,2023-01-17
1787,Itthipat Panya,itthipat.panya@email.com,Gold,2023-08-07
1166,Fah Fongfah,fah.fongfah@email.com,Gold,2021-01-21
1047,Burin Klinkaew,burin.klinkaew@email.com,Gold,2021-05-26
1831,Somsri Choosri,somsri.choosri@email.com,Platinum,2022-09-21
1821,Wanna Dingam,wanna.dingam@email.com,Silver,2021-02-10
1733,Somchai Sukjai,somchai.sukjai@email.com,Gold,2021-02-24
1674,Somsri Ongkham,somsri.ongkham@email.com,Bronze,2022-12-14
1190,Kamon Sukjai,kamon.sukjai@email.com,Platinum,2022-09-18
1436,Siriporn Choosri,siriporn.choosri@email.com,Gold,2023-11-08
1219,Wanna Sukjai,wanna.sukjai@email.com,Silver,2021-11-21
1474,Narin Klinkaew,narin.klinkaew@email.com,Silver,2023-01-13
1142,Narin Choosri,narin.choosri@email.com,Platinum,2022-01-08
1688,Kamon Klinkaew,kamon.klinkaew@email.com,Gold,2022-04-06
1628,Somsri Sukjai,,Gold,2023-02-28
1423,Somsri Panya,somsri.panya@email.com,Bronze,2021-09-16
1324,Somsri Panya,somsri.panya@email.com,Platinum,2022-07-14
1717,Burin Mongkol,burin.mongkol@email.com,Silver,2021-04-17
1507,Burin Sukjai,burin.sukjai@email.com,Silver,2022-05-12
1361,Burin Mongkol,burin.mongkol@email.com,Bronze,2023-03-03
1839,Fah Fongfah,fah.fongfah@email.com,Bronze,2021-01-03
1227,Kamon Klinkaew,kamon.klinkaew@email.com,Gold,2022-09-04
1583,Burin Panya,burin.panya@email.com,bronze,2022-02-21
1032,Kamon Ongkham,kamon.ongkham@email.com,Silver,2023-07-19
1662,Pattara Panya,,Gold,2021-05-18
1253,Itthipat Ongkham,itthipat.ongkham@email.com,Platinum,2021-08-07
1206,Somsri Klinkaew,somsri.klinkaew@email.com,Silver,2023-08-22
1064,Wanna Sukjai,wanna.sukjai@email.com,Bronze,2022-10-05
1907,Somchai Sukjai,somchai.sukjai@email.com,Platinum,2021-07-29
1561,Siriporn Rakdee,siriporn.rakdee@email.com,Gold,2022-04-25
1261,Burin Fongfah,burin.fongfah@email.com,Gold,2023-05-01
1027,Wanna Udomsak,wanna.udomsak@email.com,Silver,2021-11-24
1372,Somsri Choosri,somsri.choosri@email.com,Platinum,2021-11-12
1163,Itthipat Panya,itthipat.panya@email.com,Platinum,2022-11-20
1995,Wanna Choosri,wanna.choosri@email.com,Platinum,2021-10-15
1982,Somchai Dingam,somchai.dingam@email.com,Platinum,2023-04-06
1922,Kamon Sukjai,,Gold,2023-08-08
1966,Burin Mongkol,burin.mongkol@email.com,Gold,2022-01-10
1959,Siriporn Udomsak,siriporn.udomsak@email.com,Bronze,2021-07-27
1075,Somchai Dingam,somchai.dingam@email.com,Gold,2021-09-29
1303,Pattara Ongkham,pattara.ongkham@email.com,Platinum,2021-07-14
1968,Kamon Ongkham,kamon.ongkham@email.com,Platinum,2023-05-14
1827,Narin Sukjai,narin.sukjai@email.com,Bronze,2022-11-21
1858,Kamon Ongkham,kamon.ongkham@email.com,Platinum,2023-09-29
1875,Somsri Sukjai,somsri.sukjai@email.com,Platinum,2021-08-19
1462,Itthipat Panya,itthipat.panya@email.com,Bronze,2022-07-02
1567,Narin Choosri,narin.choosri@email.com,Gold,2023-02-10
1536,Somchai Panya,somchai.panya@email.com,Gold,2021-06-09
1629,Wanna Fongfah,wanna.fongfah@email.com,Platinum,2023-03-06
1639,Pattara Mongkol,pattara.mongkol@email.com,Platinum,2021-10-06
1289,Siriporn Fongfah,siriporn.fongfah@email.com,Bronze,2021-09-17
1074,Somsri Sukjai,somsri.sukjai@email.com,Bronze,2021-05-31
1104,Somsri Dingam,somsri.dingam@email.com,Gold,2021-04-01
1618,Pattara Dingam,pattara.dingam@email.com,Gold,2023-02-08
1443,Fah Udomsak,fah.udomsak@email.com,Platinum,2023-08-13
1911,Kamon Fongfah,kamon.fongfah@email.com,Silver,2021-11-04
1981,Itthipat Mongkol,itthipat.mongkol@email.com,Gold,2021-04-14
1703,Siriporn Mongkol,siriporn.mongkol@email.com,Silver,2023-03-16
1354,Somsri Dingam,somsri.dingam@email.com,Gold,2023-09-02
1490,Somchai Sukjai,somchai.sukjai@email.com,Platinum,2021-10-30
1932,Burin Choosri,burin.choosri@email.com,Platinum,2023-05-30
1770,Somsri Dingam,somsri.dingam@email.com,Platinum,2023-01-25
1380,Somsri Choosri,somsri.choosri@email.com,Gold,2021-04-17
1087,Siriporn Rakdee,siriporn.rakdee@email.com,Bronze,2023-01-27
1973,Pattara Panya,pattara.panya@email.com,Bronze,2023-04-23
1451,Siriporn Sukjai,siriporn.sukjai@email.com,Silver,2021-12-17
1945,Fah Klinkaew,fah.klinkaew@email.com,Platinum,2022-06-08
1181,Somchai Fongfah,somchai.fongfah@email.com,Silver,2023-10-03
1503,Fah Choosri,fah.choosri@email.com,Gold,2021-03-28
1976,Somchai Rakdee,somchai.rakdee@email.com,Bronze,2023-06-06
1247,Siriporn Udomsak,siriporn.udomsak@email.com,Platinum,2022-05-09
1383,Kamon Panya,kamon.panya@email.com,Silver,2023-06-15
1983,Itthipat Udomsak,itthipat.udomsak@email.com,Platinum,2023-06-29
1316,Kamon Fongfah,kamon.fongfah@email.com,Gold,2022-12-20
1517,Kamon Sukjai,kamon.sukjai@email.com,Bronze,2022-11-18
1125,Somsri Rakdee,somsri.rakdee@email.com,Platinum,2023-07-03
1521,Kamon Choosri,kamon.choosri@email.com,Bronze,2022-11-22
1460,Fah Mongkol,fah.mongkol@email.com,Platinum,2021-09-25
1696,Somsri Mongkol,somsri.mongkol@email.com,Platinum,2021-12-06
1084,Wanna Klinkaew,wanna.klinkaew@email.com,Gold,2021-09-25
1441,Kamon Ongkham,kamon.ongkham@email.com,Platinum,2023-12-13
1986,Wanna Udomsak,wanna.udomsak@email.com,Platinum,2023-04-25
1737,Somsri Udomsak,somsri.udomsak@email.com,Bronze,2023-01-10
1943,Itthipat Dingam,itthipat.dingam@email.com,Silver,2022-03-09
1011,,pattara.rakdee@email.com,Bronze,2023-02-15
1698,Wanna Sukjai,wanna.sukjai@email.com,Gold,2023-12-27
1112,Itthipat Ongkham,itthipat.ongkham@email.com,Gold,2023-08-11
1927,Narin Sukjai,narin.sukjai@email.com,Platinum,2021-10-21
1739,Fah Rakdee,fah.rakdee@email.com,Silver,2023-08-23
1683,Fah Panya,fah.panya@email.com,Bronze,2023-01-06
1137,Somchai Rakdee,somchai.rakdee@email.com,Silver,2023-09-27
1268,Pattara Mongkol,pattara.mongkol@email.com,Gold,2023-02-20
1756,Pattara Panya,pattara.panya@email.com,Gold,2021-04-24
1325,Itthipat Rakdee,itthipat.rakdee@email.com,Bronze,2022-12-08
1006,Itthipat Panya,itthipat.panya@email.com,Gold,2021-01-14
1769,Fah Dingam,fah.dingam@email.com,Gold,2022-09-15
1997,Itthipat Udomsak,itthipat.udomsak@email.com,Platinum,2022-03-18
1913,Fah Choosri,fah.choosri@email.com,Bronze,2023-10-16
1169,Pattara Panya,pattara.panya@email.com,Bronze,2021-07-10
1720,Pattara Udomsak,pattara.udomsak@email.com,Silver,2022-04-09
1845,Wanna Mongkol,wanna.mongkol@email.com,Gold,2021-08-03
1851,Itthipat Ongkham,itthipat.ongkham@email.com,Gold,2022-07-31
1160,Siriporn Rakdee,siriporn.rakdee@email.com,Gold,2023-09-18
1634,Kamon Ongkham,kamon.ongkham@email.com,Gold,2023-09-19
1631,Siriporn Ongkham,siriporn.ongkham@email.com,Silver,2021-10-12
1934,Wanna Klinkaew,wanna.klinkaew@email.com,Silver,2023-02-04
1722,Fah Udomsak,fah.udomsak@email.com,Platinum,2021-09-28
1059,Siriporn Ongkham,siriporn.ongkham@email.com,Platinum,2023-09-13
1056,Siriporn Fongfah,siriporn.fongfah@email.com,Platinum,2022-05-27
1124,Siriporn Panya,siriporn.panya@email.com,Gold,2023-06-26
1662,Pattara Panya,pattara.panya@email.com,Gold,2021-05-18
1715,Itthipat Choosri,itthipat.choosri@email.com,Gold,2021-11-22
1712,Fah Klinkaew,fah.klinkaew@email.com,Bronze,2021-07-23
1348,Pattara Panya,pattara.panya@email.com,Gold,2022-07-17
1460,,fah.mongkol@email.com,Platinum,2021-09-25
1598,Wanna Rakdee,wanna.rakdee@email.com,GOLD,2022-08-11
1439,Somchai Sukjai,somchai.sukjai@email.com,Gold,2023-08-16
1635,Burin Mongkol,burin.mongkol@email.com,Gold,2022-05-21
1971,Somsri Panya,somsri.panya@email.com,Silver,2023-02-17
1972,Fah Sukjai,fah.sukjai@email.com,Bronze,2021-09-25
1028,Narin Sukjai,narin.sukjai@email.com,Bronze,2023-02-28
1217,Wanna Dingam,wanna.dingam@email.com,Gold,2021-09-26
1899,Wanna Ongkham,wanna.ongkham@email.com,Bronze,2021-11-30
1212,Somchai Klinkaew,somchai.klinkaew@email.com,Platinum,2021-06-30
1114,Pattara Choosri,pattara.choosri@email.com,Bronze,2022-08-05
1017,Itthipat Fongfah,itthipat.fongfah@email.com,Bronze,2021-12-17
1656,Fah Ongkham,fah.ongkham@email.com,Platinum,2023-10-22
1820,Siriporn Panya,siriporn.panya@email.com,Bronze,2021-07-04
1659,Burin Choosri,burin.choosri@email.com,Gold,2022-10-01
1636,Pattara Sukjai,pattara.sukjai@email.com,Silver,2023-07-27
1661,Pattara Mongkol,pattara.mongkol@email.com,Platinum,2021-07-19
1071,Itthipat Mongkol,itthipat.mongkol@email.com,Silver,2022-06-28
1377,Pattara Dingam,pattara.dingam@email.com,Gold,2023-06-22
1356,Burin Mongkol,burin.mongkol@email.com,Bronze,2023-10-31
1841,Siriporn Ongkham,siriporn.ongkham@email.com,Platinum,2023-02-15
1815,Kamon Rakdee,kamon.rakdee@email.com,Bronze,2022-03-26
1086,Somchai Klinkaew,somchai.klinkaew@email.com,Bronze,2021-06-04
1873,Burin Ongkham,burin.ongkham@email.com,Platinum,2022-10-30
1066,Somchai Choosri,somchai.choosri@email.com,Bronze,2023-11-07
1213,Fah Fongfah,fah.fongfah@email.com,Gold,2021-08-26
1794,Pattara Udomsak,pattara.udomsak@email.com,Silver,2021-09-06
1921,Kamon Ongkham,kamon.ongkham@email.com,Gold,2023-02-01
1316,Kamon Fongfah,Kamon.Fongfah,Gold,2022-12-20
1958,Wanna Udomsak,wanna.udomsak@email.com,Bronze,2023-10-09
1952,Narin Udomsak,narin.udomsak@email.com,Bronze,2022-08-02
1400,Somchai Rakdee,somchai.rakdee@email.com,Bronze,2023-03-11
1731,Fah Ongkham,fah.ongkham@email.com,Gold,2021-10-14
1470,Wanna Klinkaew,wanna.klinkaew@email.com,Gold,2023-10-11
1630,Burin Rakdee,burin.rakdee@email.com,Silver,2023-12-04
1011,Pattara Rakdee,pattara.rakdee@email.com,Bronze,2023-02-15
1291,Pattara Panya,pattara.panya@email.com,Gold,2023-11-18
1399,Burin Rakdee,burin.rakdee@email.com,Gold,2021-05-19
1789,Kamon Sukjai,kamon.sukjai@email.com,Bronze,2022-03-17
1016,Fah Choosri,fah.choosri@email.com,Gold,2022-12-29
1321,Kamon Mongkol,kamon.mongkol@email.com,Bronze,2021-04-18
1860,Fah Ongkham,fah.ongkham@email.com,Gold,2022-01-18
1215,Narin Klinkaew,narin.klinkaew@email.com,Silver,2023-11-28
1298,Siriporn Fongfah,siriporn.fongfah@email.com,Gold,2023-02-20
1242,Narin Udomsak,narin.udomsak@email.com,Bronze,2023-06-28
1617,Fah Klinkaew,fah.klinkaew@email.com,Gold,2023-07-12
1065,Wanna Klinkaew,wanna.klinkaew@email.com,Platinum,2023-10-27
1152,Siriporn Fongfah,siriporn.fongfah@email.com,Bronze,2021-02-22
1466,Itthipat Choosri,itthipat.choosri@email.com,Platinum,2023-11-21
1665,Somchai Choosri,somchai.choosri@email.com,Silver,2022-11-09
1836,Itthipat Mongkol,itthipat.mongkol@email.com,Gold,2021-12-10
1274,Itthipat Rakdee,itthipat.rakdee@email.com,Silver,2023-03-07
1139,Wanna Ongkham,wanna.ongkham@email.com,Gold,2023-04-09
1716,Kamon Udomsak,kamon.udomsak@email.com,Gold,2022-05-28
1391,Burin Klinkaew,burin.klinkaew@email.com,Gold,2022-03-18
1872,Somsri Fongfah,,Gold,2021-05-18
1293,Itthipat Sukjai,itthipat.sukjai@email.com,Bronze,2023-12-04
1886,Kamon Panya,kamon.panya@email.com,Gold,2022-07-06
1751,Siriporn Klinkaew,siriporn.klinkaew@email.com,Silver,2023-10-14
1023,Narin Panya,narin.panya@email.com,Silver,2022-06-27
1628,Somsri Sukjai,somsri.sukjai@email.com,Gold,2023-02-28
1621,Burin Fongfah,burin.fongfah@email.com,Silver,2023-02-18
1434,Siriporn Panya,siriporn.panya@email.com,Bronze,2022-10-17
1115,Somchai Sukjai,somchai.sukjai@email.com,Gold,2021-07-11
1557,Itthipat Dingam,itthipat.dingam@email.com,Bronze,2021-07-26
1645,Somchai Klinkaew,somchai.klinkaew@email.com,Platinum,2022-03-06
1809,Narin Mongkol,narin.mongkol@email.com,Platinum,2023-09-20
1657,Siriporn Mongkol,siriporn.mongkol@email.com,Bronze,2023-09-16
1681,Pattara Rakdee,pattara.rakdee@email.com,Silver,2021-12-08
1487,Burin Ongkham,burin.ongkham@email.com,Gold,2021-02-24
1526,Itthipat Klinkaew,itthipat.klinkaew@email.com,Gold,2023-02-25
1186,Somsri Klinkaew,somsri.klinkaew@email.com,Silver,2021-11-02
1193,Siriporn Dingam,siriporn.dingam@email.com,Silver,2021-06-03
1761,Fah Ongkham,fah.ongkham@email.com,Silver,2022-01-02
1623,Burin Udomsak,burin.udomsak@email.com,Bronze,2022-09-24
1704,Pattara Choosri,pattara.choosri@email.com,Gold,2023-04-29
1560,Itthipat Rakdee,itthipat.rakdee@email.com,Silver,2021-04-26
1745,Burin Fongfah,burin.fongfah@email.com,Bronze,2023-11-14
1709,Somchai Ongkham,somchai.ongkham@email.com,Silver,2023-05-30
1871,Burin Ongkham,burin.ongkham@email.com,Silver,2021-10-30
1648,Kamon Choosri,kamon.choosri@email.com,Platinum,2023-02-12
1323,Kamon Panya,kamon.panya@email.com,Platinum,2023-09-22
1102,Somsri Ongkham,somsri.ongkham@email.com,Gold,2022-10-05
1157,Burin Rakdee,burin.rakdee@email.com,Gold,2021-01-26
1326,Narin Udomsak,narin.udomsak@email.com,Gold,2023-09-24
1727,Somsri Klinkaew,somsri.klinkaew@email.com,Silver,2023-06-21
1524,Fah Udomsak,fah.udomsak@email.com,Platinum,2021-07-15
1535,Somchai Dingam,somchai.dingam@email.com,Silver,2021-06-17
1385,Wanna Ongkham,wanna.ongkham@email.com,Bronze,2023-03-23
1798,Wanna Udomsak,wanna.udomsak@email.com,Silver,2023-06-28
1246,Somchai Ongkham,somchai.ongkham@email.com,Silver,2021-12-15
1237,Siriporn Ongkham,siriporn.ongkham@email.com,Silver,2021-06-03
1405,Siriporn Panya,siriporn.panya@email.com,Platinum,2022-01-09
1363,Burin Sukjai,burin.sukjai@email.com,Silver,2022-12-18
1923,Burin Panya,burin.panya@email.com,Bronze,2021-05-26
1505,Kamon Panya,kamon.panya@email.com,Silver,2022-02-18
1803,Fah Dingam,fah.dingam@email.com,Silver,2022-07-18
1894,Itthipat Fongfah,itthipat.fongfah@email.com,Gold,2023-08-09
1231,Fah Dingam,fah.dingam@email.com,Silver,2023-02-24
1373,Siriporn Choosri,siriporn.choosri@email.com,Silver,2023-06-16
1652,Itthipat Mongkol,Itthipat.Mongkol,Silver,2021-04-01
1646,Pattara Fongfah,pattara.fongfah@email.com,Bronze,2023-04-18
1724,Burin Udomsak,burin.udomsak@email.com,Bronze,2022-10-04
1335,Burin Mongkol,burin.mongkol@email.com,Platinum,2023-04-09
1482,Somsri Rakdee,somsri.rakdee@email.com,Silver,2022-11-03
1092,Itthipat Choosri,itthipat.choosri@email.com,Silver,2023-04-25
1676,Somsri Sukjai,somsri.sukjai@email.com,Bronze,2021-10-02
1355,Somchai Choosri,somchai.choosri@email.com,Bronze,2023-07-12
1477,Siriporn Udomsak,siriporn.udomsak@email.com,Platinum,2023-02-04
1280,Narin Fongfah,narin.fongfah@email.com,Silver,2021-09-08
1757,Pattara Sukjai,pattara.sukjai@email.com,Silver,2023-01-24
1041,Somchai Sukjai,somchai.sukjai@email.com,Platinum,2022-03-10
1613,Somsri Dingam,somsri.dingam@email.com,Platinum,2022-11-11
1649,Burin Panya,burin.panya@email.com,Platinum,2023-04-01
1422,Somchai Choosri,somchai.choosri@email.com,Bronze,2021-10-20
1691,Kamon Rakdee,kamon.rakdee@email.com,Gold,2021-03-27
1620,Somsri Fongfah,somsri.fongfah@email.com,Silver,2021-05-31
1814,Siriporn Udomsak,siriporn.udomsak@email.com,Silver,2022-05-09
1299,Somsri Rakdee,somsri.rakdee@email.com,Gold,2023-07-19
1122,Siriporn Rakdee,siriporn.rakdee@email.com,Platinum,2021-04-13
1896,Itthipat Mongkol,itthipat.mongkol@email.com,Platinum,2023-07-03
1240,Pattara Rakdee,pattara.rakdee@email.com,Bronze,2021-05-21
1889,Somchai Mongkol,somchai.mongkol@email.com,Bronze,2023-11-22
1947,Burin Klinkaew,burin.klinkaew@email.com,Bronze,2021-08-26
1619,Narin Choosri,narin.choosri@email.com,Platinum,2021-06-25
1094,Itthipat Fongfah,itthipat.fongfah@email.com,Silver,2021-08-10
1972,Fah Sukjai,fah.sukjai@email.com,Bronze,2021-09-25
1529,Fah Dingam,fah.dingam@email.com,Bronze,2021-08-31
1406,Siriporn Udomsak,siriporn.udomsak@email.com,Platinum,2021-03-17
1581,Narin Panya,narin.panya@email.com,Gold,2022-09-24
1440,Somchai Choosri,somchai.choosri@email.com,Bronze,2021-05-15
1357,Siriporn Klinkaew,siriporn.klinkaew@email.com,Silver,2023-06-16
1155,Kamon Sukjai,kamon.sukjai@email.com,Bronze,2021-03-26
1583,Burin Panya,burin.panya@email.com,Gold,2022-02-21
1806,Pattara Ongkham,pattara.ongkham@email.com,Platinum,2021-05-05
1904,Kamon Sukjai,kamon.sukjai@email.com,Gold,2022-07-18
1947,Burin Klinkaew,burin.klinkaew@email.com,Bronze,2021-08-26
1969,Siriporn Udomsak,siriporn.udomsak@email.com,Silver,2021-05-01
1404,Siriporn Klinkaew,siriporn.klinkaew@email.com,Gold,2022-11-25
1949,Somchai Fongfah,somchai.fongfah@email.com,Platinum,2021-11-10
1989,Somchai Dingam,somchai.dingam@email.com,Platinum,2022-11-30
1499,Itthipat Fongfah,itthipat.fongfah@email.com,Gold,2022-04-06
1951,Burin Rakdee,burin.rakdee@email.com,Gold,2021-10-08
1642,Kamon Panya,kamon.panya@email.com,Silver,2022-10-30
1145,Narin Fongfah,narin.fongfah@email.com,Platinum,2022-06-01
1626,Pattara Rakdee,pattara.rakdee@email.com,Platinum,2021-07-31
1228,Somsri Sukjai,somsri.sukjai@email.com,Platinum,2021-11-01
1565,Narin Rakdee,narin.rakdee@email.com,Platinum,2021-04-07
1946,Somchai Sukjai,somchai.sukjai@email.com,Bronze,2021-04-09
1199,Kamon Choosri,kamon.choosri@email.com,Bronze,2021-05-03
1109,Itthipat Ongkham,itthipat.ongkham@email.com,Platinum,2021-12-23
1432,Somsri Fongfah,somsri.fongfah@email.com,Platinum,2022-02-14
1220,Kamon Rakdee,kamon.rakdee@email.com,Bronze,2023-04-16
1040,Pattara Rakdee,pattara.rakdee@email.com,Silver,2022-06-27
1128,Kamon Panya,kamon.panya@email.com,Bronze,2022-08-09
1872,Somsri Fongfah,somsri.fongfah@email.com,SILVER,2021-05-18
1381,Pattara Mongkol,pattara.mongkol@email.com,Bronze,2023-11-23
1735,Kamon Klinkaew,kamon.klinkaew@email.com,Silver,2023-10-11
1106,Narin Udomsak,narin.udomsak@email.com,Gold,2022-10-05
1166,Fah Fongfah,fah.fongfah@email.com,Gold,2021-01-21
1721,Somchai Panya,somchai.panya@email.com,Bronze,2021-01-17
1897,Siriporn Panya,siriporn.panya@email.com,Gold,2022-12-07
1203,Burin Sukjai,burin.sukjai@email.com,Bronze,2023-06-04
1600,Burin Udomsak,burin.udomsak@email.com,Silver,2022-05-09
1615,Fah Klinkaew,fah.klinkaew@email.com,Bronze,2023-06-15
1885,Pattara Udomsak,pattara.udomsak@email.com,Silver,2021-10-03
1153,Kamon Sukjai,kamon.sukjai@email.com,Platinum,2023-03-24
1755,Somchai Udomsak,somchai.udomsak@email.com,Gold,2021-06-07
1790,Fah Choosri,fah.choosri@email.com,Bronze,2022-05-24
1130,Somchai Udomsak,somchai.udomsak@email.com,Silver,2021-11-05
1362,Kamon Fongfah,kamon.fongfah@email.com,Silver,2022-11-14
1159,Fah Panya,fah.panya@email.com,Silver,2023-06-11
1123,Somchai Dingam,somchai.dingam@email.com,Bronze,2023-07-24
1048,Somchai Dingam,somchai.dingam@email.com,Gold,2023-09-22
1682,Pattara Fongfah,pattara.fongfah@email.com,Silver,2022-01-19
1076,Fah Udomsak,fah.udomsak@email.com,Silver,2023-01-27
1710,Itthipat Panya,itthipat.panya@email.com,Gold,2022-10-24
1133,Somchai Panya,somchai.panya@email.com,Platinum,2021-05-08
1906,Kamon Dingam,kamon.dingam@email.com,Platinum,2022-09-11
1868,Wanna Rakdee,wanna.rakdee@email.com,Silver,2021-09-04
1495,Siriporn Rakdee,siriporn.rakdee@email.com,Silver,2022-10-28
1658,Burin Fongfah,burin.fongfah@email.com,Platinum,2021-06-25
1443,Fah Udomsak,fah.udomsak@email.com,Platinum,2023-08-13
1719,Burin Udomsak,burin.udomsak@email.com,Bronze,2022-03-14
1961,Kamon Panya,kamon.panya@email.com,Bronze,2021-07-24
1699,Kamon Sukjai,kamon.sukjai@email.com,Silver,2022-10-25
1098,Narin Mongkol,narin.mongkol@email.com,Gold,2021-05-23
1008,Siriporn Dingam,siriporn.dingam@email.com,Gold,2021-07-29
1472,Burin Ongkham,burin.ongkham@email.com,Silver,2022-06-26
1103,Narin Sukjai,narin.sukjai@email.com,Bronze,2023-02-28
1513,Kamon Klinkaew,kamon.klinkaew@email.com,Bronze,2022-04-21
1351,Wanna Klinkaew,wanna.klinkaew@email.com,Gold,2022-08-11
1723,Pattara Udomsak,pattara.udomsak@email.com,Silver,2023-02-24
1862,Pattara Fongfah,pattara.fongfah@email.com,Silver,2022-07-05
1078,Somsri Rakdee,somsri.rakdee@email.com,Bronze,2022-09-06
1498,Kamon Sukjai,kamon.sukjai@email.com,Platinum,2022-01-29
1749,Narin Udomsak,narin.udomsak@email.com,Platinum,2021-04-23
1138,Itthipat Fongfah,itthipat.fongfah@email.com,Platinum,2023-09-22
1993,Wanna Mongkol,wanna.mongkol@email.com,Gold,2022-08-21
1158,Narin Panya,narin.panya@email.com,Bronze,2023-06-07
1457,Pattara Udomsak,pattara.udomsak@email.com,Bronze,2021-11-20
1344,Siriporn Fongfah,siriporn.fongfah@email.com,Silver,2021-12-22
1838,Kamon Dingam,kamon.dingam@email.com,Silver,2021-05-19
1091,Burin Mongkol,burin.mongkol@email.com,Platinum,2021-11-13
1051,Burin Udomsak,burin.udomsak@email.com,Platinum,2022-12-27
1437,Itthipat Udomsak,itthipat.udomsak@email.com,Silver,2021-10-12
1714,Pattara Panya,pattara.panya@email.com,Bronze,2023-05-27
1812,Somsri Dingam,somsri.dingam@email.com,Bronze,2022-07-30
1652,Itthipat Mongkol,itthipat.mongkol@email.com,Silver,2021-04-01
1222,Burin Choosri,burin.choosri@email.com,Platinum,2022-08-21
1244,Fah Klinkaew,fah.klinkaew@email.com,Gold,2023-01-05
1146,Burin Panya,burin.panya@email.com,Bronze,2021-04-17
1506,Somchai Fongfah,somchai.fongfah@email.com,Gold,2021-10-09
1854,Wanna Mongkol,wanna.mongkol@email.com,Bronze,2023-05-26
1382,Burin Fongfah,burin.fongfah@email.com,Bronze,2021-11-25
1014,Itthipat Fongfah,itthipat.fongfah@email.com,Bronze,2022-04-22
1795,Wanna Klinkaew,wanna.klinkaew@email.com,Silver,2021-09-25
1194,Siriporn Klinkaew,siriporn.klinkaew@email.com,Platinum,2023-07-12
1936,Wanna Dingam,wanna.dingam@email.com,Silver,2022-12-07
1300,Somchai Sukjai,somchai.sukjai@email.com,Platinum,2021-07-23
1746,Itthipat Choosri,itthipat.choosri@email.com,Gold,2023-03-12
1548,Narin Choosri,narin.choosri@email.com,Silver,2023-05-11
1785,Burin Choosri,burin.choosri@email.com,Platinum,2023-08-13
1003,Somsri Ongkham,,Bronze,2021-03-03
1668,Narin Klinkaew,narin.klinkaew@email.com,Silver,2023-07-10
1953,Burin Udomsak,burin.udomsak@email.com,Platinum,2022-02-11
1891,Narin Choosri,narin.choosri@email.com,Bronze,2021-12-22
1175,Burin Dingam,burin.dingam@email.com,Gold,2021-09-02
1606,Wanna Klinkaew,wanna.klinkaew@email.com,Silver,2021-06-19
1766,Somchai Klinkaew,somchai.klinkaew@email.com,Platinum,2021-05-22
1781,Siriporn Dingam,siriporn.dingam@email.com,Gold,2022-06-19
1585,Somsri Dingam,somsri.dingam@email.com,Silver,2021-02-03
1599,Wanna Rakdee,wanna.rakdee@email.com,Platinum,2022-01-03
1176,Somchai Choosri,somchai.choosri@email.com,Silver,2022-03-20
1365,Kamon Rakdee,kamon.rakdee@email.com,Platinum,2022-11-04
1101,Somsri Fongfah,somsri.fongfah@email.com,Bronze,2021-08-11
1019,Narin Fongfah,narin.fongfah@email.com,Silver,2022-10-27
1328,Narin Sukjai,narin.sukjai@email.com,Bronze,2021-01-16
1478,Fah Rakdee,fah.rakdee@email.com,Gold,2021-10-23
1902,Wanna Klinkaew,wanna.klinkaew@email.com,Platinum,2021-09-28
1426,Pattara Mongkol,pattara.mongkol@email.com,Gold,2023-06-29
1416,Somchai Fongfah,somchai.fongfah@email.com,Gold,2021-07-30
1276,Narin Udomsak,narin.udomsak@email.com,Platinum,2023-04-16
1797,Somsri Sukjai,somsri.sukjai@email.com,Gold,2021-06-03
1835,Pattara Choosri,pattara.choosri@email.com,Gold,2021-06-09
1141,Wanna Ongkham,wanna.ongkham@email.com,Bronze,2021-06-21
1511,Somchai Choosri,somchai.choosri@email.com,Platinum,2023-09-02
1692,Pattara Rakdee,pattara.rakdee@email.com,Silver,2023-05-21
1283,Somsri Dingam,somsri.dingam@email.com,Bronze,2022-03-01
1107,Burin Fongfah,burin.fongfah@email.com,bronze,2023-04-17
1069,Somsri Sukjai,somsri.sukjai@email.com,Bronze,2021-06-17
1279,Burin Mongkol,burin.mongkol@email.com,Gold,2021-05-05
1376,Itthipat Rakdee,itthipat.rakdee@email.com,Silver,2022-09-26
1305,Fah Choosri,fah.choosri@email.com,Platinum,2021-05-18
1370,Siriporn Udomsak,siriporn.udomsak@email.com,Gold,2021-07-27
1545,Itthipat Sukjai,,Bronze,2021-04-03
1085,Kamon Choosri,kamon.choosri@email.com,Platinum,2023-05-26
1004,Burin Dingam,burin.dingam@email.com,Silver,2023-11-01
1660,Fah Panya,fah.panya@email.com,Silver,2023-12-04
1482,Somsri Rakdee,somsri.rakdee@email.com,Silver,2022-11-03
1621,Burin Fongfah,burin.fongfah@email.com,GOLD,2023-02-18
1876,Narin Choosri,narin.choosri@email.com,Silver,2021-07-25
1967,Burin Ongkham,burin.ongkham@email.com,Platinum,2023-07-24
1347,Fah Choosri,fah.choosri@email.com,Platinum,2021-05-20
1320,Pattara Mongkol,pattara.mongkol@email.com,Silver,2023-01-28
1500,Kamon Fongfah,kamon.fongfah@email.com,Silver,2023-09-29
1540,Itthipat Sukjai,itthipat.sukjai@email.com,Platinum,2021-07-06
1184,Wanna Fongfah,wanna.fongfah@email.com,Platinum,2021-08-22
1043,Fah Panya,fah.panya@email.com,Platinum,2021-09-05
1081,Kamon Sukjai,kamon.sukjai@email.com,Silver,2022-12-04
1705,Narin Panya,narin.panya@email.com,Bronze,2021-07-10
1020,Wanna Dingam,wanna.dingam@email.com,Bronze,2022-10-09
1005,Somsri Klinkaew,somsri.klinkaew@email.com,Silver,2023-05-10
1483,Somsri Mongkol,somsri.mongkol@email.com,Silver,2023-03-16
1706,Narin Rakdee,narin.rakdee@email.com,Gold,2023-01-26
1519,Somchai Panya,somchai.panya@email.com,Gold,2022-01-30
1438,Itthipat Panya,,Bronze,2023-01-10
1920,Burin Dingam,burin.dingam@email.com,Gold,2022-04-03
1188,Burin Rakdee,burin.rakdee@email.com,Platinum,2022-04-08
1200,Siriporn Fongfah,siriporn.fongfah@email.com,Gold,2023-06-19
1241,Itthipat Fongfah,itthipat.fongfah@email.com,Silver,2021-07-05
1755,Somchai Udomsak,somchai.udomsak@email.com,GOLD,2021-06-07
1438,Itthipat Panya,itthipat.panya@email.com,Bronze,2023-01-10
1118,Pattara Sukjai,pattara.sukjai@email.com,Bronze,2023-07-22
1308,Somsri Rakdee,somsri.rakdee@email.com,Gold,2021-09-08
1691,Kamon Rakdee,kamon.rakdee@email.com,Gold,2021-03-27
1925,Somchai Fongfah,somchai.fongfah@email.com,Platinum,2021-04-21
1592,Somchai Klinkaew,somchai.klinkaew@email.com,Bronze,2021-06-02
1486,Pattara Klinkaew,pattara.klinkaew@email.com,Gold,2022-11-10
1116,Itthipat Fongfah,itthipat.fongfah@email.com,Silver,2022-02-12
1667,Narin Choosri,narin.choosri@email.com,Silver,2023-06-05
1154,Itthipat Udomsak,,Silver,2021-07-28
1419,Pattara Mongkol,pattara.mongkol@email.com,Platinum,2021-03-28
1711,Kamon Mongkol,kamon.mongkol@email.com,Silver,2023-09-21
1582,Kamon Mongkol,kamon.mongkol@email.com,Platinum,2023-08-13
1985,Pattara Mongkol,pattara.mongkol@email.com,Bronze,2023-10-16
1162,Itthipat Udomsak,itthipat.udomsak@email.com,Gold,2023-07-13
1258,Itthipat Sukjai,itthipat.sukjai@email.com,Gold,2021-10-08
1079,Burin Choosri,burin.choosri@email.com,Gold,2021-08-25
1208,Somsri Ongkham,somsri.ongkham@email.com,Platinum,2021-07-06
1807,Burin Fongfah,burin.fongfah@email.com,Platinum,2021-10-09
1833,Somsri Ongkham,somsri.ongkham@email.com,Bronze,2022-01-08
1164,Wanna Panya,wanna.panya@email.com,Gold,2022-01-08
1942,Itthipat Choosri,itthipat.choosri@email.com,Platinum,2021-02-09
1538,Itthipat Sukjai,itthipat.sukjai@email.com,Silver,2021-12-03
1758,Siriporn Fongfah,siriporn.fongfah@email.com,Bronze,2021-08-25
1964,Wanna Klinkaew,wanna.klinkaew@email.com,Silver,2021-12-16
1782,Fah Ongkham,fah.ongkham@email.com,Gold,2022-10-14
1135,Somsri Ongkham,somsri.ongkham@email.com,Platinum,2021-01-13
1867,Pattara Fongfah,pattara.fongfah@email.com,Bronze,2023-03-20
1607,Pattara Ongkham,pattara.ongkham@email.com,Gold,2021-07-15
1898,Siriporn Fongfah,siriporn.fongfah@email.com,Bronze,2022-08-07
1425,Narin Sukjai,narin.sukjai@email.com,Bronze,2021-11-11
1881,Somsri Sukjai,somsri.sukjai@email.com,Platinum,2021-03-21
1574,Somchai Dingam,somchai.dingam@email.com,Bronze,2022-07-04
1598,Wanna Rakdee,,Gold,2022-08-11
1637,Burin Choosri,burin.choosri@email.com,Gold,2021-01-14
1112,Itthipat Ongkham,itthipat.ongkham@email.com,Gold,2023-08-11
1036,Pattara Klinkaew,pattara.klinkaew@email.com,Bronze,2023-01-14
1493,Siriporn Ongkham,siriporn.ongkham@email.com,Silver,2023-04-21
1077,Kamon Choosri,kamon.choosri@email.com,Platinum,2022-09-12
1256,Wanna Sukjai,wanna.sukjai@email.com,Bronze,2023-10-15
1126,Siriporn Panya,siriporn.panya@email.com,Platinum,2022-06-15
1116,Itthipat Fongfah,Itthipat.Fongfah,Silver,2022-02-12
1748,Itthipat Klinkaew,itthipat.klinkaew@email.com,Silver,2021-06-26
1733,Somchai Sukjai,somchai.sukjai@email.com,Gold,2021-02-24
1235,Somsri Mongkol,somsri.mongkol@email.com,Bronze,2023-06-21
1044,Itthipat Dingam,itthipat.dingam@email.com,Bronze,2022-11-24
1185,Burin Ongkham,burin.ongkham@email.com,Platinum,2021-06-01
1848,Somsri Sukjai,somsri.sukjai@email.com,Platinum,2021-03-05
1407,Kamon Dingam,kamon.dingam@email.com,Bronze,2022-02-13
1558,Somsri Klinkaew,somsri.klinkaew@email.com,Platinum,2021-04-10
1458,Pattara Ongkham,pattara.ongkham@email.com,Platinum,2023-08-10
1653,Somsri Ongkham,somsri.ongkham@email.com,Gold,2023-06-01
1712,Fah Klinkaew,N/A,Bronze,2021-07-23
1564,Kamon Fongfah,kamon.fongfah@email.com,Bronze,2021-12-25
1435,Fah Udomsak,fah.udomsak@email.com,Gold,2022-09-07
1540,Itthipat Sukjai,itthipat.sukjai@email.com,Platinum,2021-07-06
1492,Wanna Panya,wanna.panya@email.com,Gold,2023-05-08
1031,Somchai Fongfah,somchai.fongfah@email.com,Gold,2021-08-17
1948,Narin Panya,narin.panya@email.com,Platinum,2021-09-11
1374,Wanna Ongkham,wanna.ongkham@email.com,Gold,2022-05-02
1832,Kamon Choosri,kamon.choosri@email.com,Silver,2021-01-04
1937,Kamon Choosri,kamon.choosri@email.com,Bronze,2023-02-25
1421,Wanna Udomsak,wanna.udomsak@email.com,Platinum,2023-01-15
1830,Somchai Sukjai,somchai.sukjai@email.com,Gold,2022-04-03
1254,Itthipat Ongkham,itthipat.ongkham@email.com,Gold,2022-08-29
1332,Siriporn Ongkham,siriporn.ongkham@email.com,Silver,2023-10-22
1007,Siriporn Ongkham,siriporn.ongkham@email.com,Gold,2022-07-24
1543,Somsri Klinkaew,somsri.klinkaew@email.com,Platinum,2022-09-24
1771,Somsri Panya,somsri.panya@email.com,Silver,2022-05-18
1319,Somchai Dingam,somchai.dingam@email.com,Platinum,2023-05-10
1359,Fah Fongfah,fah.fongfah@email.com,Platinum,2023-04-18
1884,Fah Fongfah,fah.fongfah@email.com,Gold,2022-07-29
1905,Narin Ongkham,narin.ongkham@email.com,Gold,2023-07-30
1263,Somchai Rakdee,somchai.rakdee@email.com,Gold,2021-12-03
1856,Burin Klinkaew,burin.klinkaew@email.com,Silver,2021-12-16
1533,Siriporn Panya,siriporn.panya@email.com,Silver,2023-07-21
1671,Somsri Udomsak,somsri.udomsak@email.com,Silver,2023-01-20
1593,Wanna Klinkaew,wanna.klinkaew@email.com,Platinum,2021-10-09
1921,Kamon Ongkham,kamon.ongkham@email.com,Gold,2023-02-01
1110,Somsri Sukjai,somsri.sukjai@email.com,Gold,2023-04-12
1252,Narin Fongfah,narin.fongfah@email.com,Platinum,2022-09-11
1941,Siriporn Mongkol,siriporn.mongkol@email.com,Platinum,2023-01-06
1426,Pattara Mongkol,N/A,Gold,2023-06-29
1545,Itthipat Sukjai,itthipat.sukjai@email.com,Bronze,2021-04-03
1963,Fah Ongkham,fah.ongkham@email.com,Bronze,2021-07-14
1345,Somsri Choosri,somsri.choosri@email.com,Bronze,2021-12-29
1570,Wanna Rakdee,wanna.rakdee@email.com,Platinum,2023-05-04
1544,Wanna Ongkham,wanna.ongkham@email.com,Gold,2021-01-07
1324,Somsri Panya,somsri.panya@email.com,Platinum,2022-07-14
1272,Burin Choosri,burin.choosri@email.com,Bronze,2021-03-18
1392,Siriporn Rakdee,siriporn.rakdee@email.com,Platinum,2021-08-16
1784,Itthipat Choosri,itthipat.choosri@email.com,Bronze,2021-11-15
1050,Itthipat Panya,itthipat.panya@email.com,Platinum,2022-01-25
1494,Somchai Sukjai,somchai.sukjai@email.com,Platinum,2021-05-08
1249,Pattara Fongfah,pattara.fongfah@email.com,Platinum,2022-06-07
1352,Burin Udomsak,burin.udomsak@email.com,Platinum,2023-08-06
1518,Kamon Panya,kamon.panya@email.com,Platinum,2021-10-02
1140,Siriporn Panya,siriporn.panya@email.com,Silver,2023-12-30
1093,Wanna Choosri,wanna.choosri@email.com,Gold,2023-04-24
1313,Somchai Mongkol,somchai.mongkol@email.com,Bronze,2022-07-25
1614,Narin Choosri,narin.choosri@email.com,Bronze,2023-10-23
1144,Itthipat Panya,itthipat.panya@email.com,Gold,2022-11-23
1331,Wanna Panya,wanna.panya@email.com,Platinum,2021-12-26
1994,Somchai Rakdee,somchai.rakdee@email.com,Gold,2021-08-06
1551,Burin Choosri,burin.choosri@email.com,Platinum,2023-12-20
1796,Itthipat Ongkham,itthipat.ongkham@email.com,Gold,2021-06-22
1915,Narin Klinkaew,narin.klinkaew@email.com,Silver,2022-12-04
1196,Itthipat Fongfah,itthipat.fongfah@email.com,Gold,2023-07-19
1791,Fah Ongkham,fah.ongkham@email.com,Bronze,2022-09-05
1671,Somsri Udomsak,somsri.udomsak@email.com,Silver,2023-01-20
1944,Wanna Sukjai,wanna.sukjai@email.com,Silver,2021-09-10
1627,Wanna Udomsak,wanna.udomsak@email.com,Gold,2021-07-10
1409,Narin Rakdee,narin.rakdee@email.com,Platinum,2022-06-03
1003,Somsri Ongkham,somsri.ongkham@email.com,Bronze,2021-03-03
1861,Pattara Klinkaew,pattara.klinkaew@email.com,Gold,2023-06-20
1233,Pattara Ongkham,pattara.ongkham@email.com,Platinum,2021-11-08
1725,Fah Fongfah,fah.fongfah@email.com,Silver,2023-02-23
1998,Pattara Dingam,pattara.dingam@email.com,Gold,2021-08-09
1580,Itthipat Rakdee,itthipat.rakdee@email.com,Gold,2022-08-03
1387,Burin Mongkol,burin.mongkol@email.com,Silver,2021-02-27
1029,Narin Sukjai,narin.sukjai@email.com,Platinum,2023-12-20
1726,Siriporn Choosri,siriporn.choosri@email.com,Bronze,2023-12-23
1411,Wanna Mongkol,wanna.mongkol@email.com,Gold,2021-09-12
1024,Siriporn Dingam,siriporn.dingam@email.com,Gold,2023-05-28
1844,Pattara Udomsak,pattara.udomsak@email.com,Bronze,2022-08-27
1900,Somsri Dingam,somsri.dingam@email.com,Silver,2022-04-07
1259,Burin Klinkaew,burin.klinkaew@email.com,Gold,2023-06-22
1236,Burin Rakdee,burin.rakdee@email.com,Platinum,2021-02-01
1805,Somsri Sukjai,somsri.sukjai@email.com,Silver,2022-08-28
1632,Kamon Fongfah,kamon.fongfah@email.com,Gold,2023-10-07
1221,Burin Dingam,burin.dingam@email.com,Bronze,2023-08-04
1147,Fah Dingam,fah.dingam@email.com,Bronze,2021-03-24
1047,Burin Klinkaew,,Gold,2021-05-26
1248,Pattara Sukjai,pattara.sukjai@email.com,Silver,2022-04-21
1701,Burin Choosri,burin.choosri@email.com,Platinum,2021-05-02
1198,Narin Udomsak,narin.udomsak@email.com,Silver,2021-11-02
1262,Siriporn Dingam,siriporn.dingam@email.com,Silver,2023-01-20
1168,Narin Panya,narin.panya@email.com,Silver,2023-09-03
1207,Somchai Panya,somchai.panya@email.com,Gold,2022-01-07
1295,Pattara Ongkham,pattara.ongkham@email.com,Platinum,2021-08-10
1172,Somchai Rakdee,somchai.rakdee@email.com,Gold,2023-05-22
1650,Somchai Rakdee,Somchai.Rakdee@,Platinum,2021-03-17
1553,Kamon Panya,kamon.panya@email.com,Platinum,2023-12-26
1955,Itthipat Mongkol,itthipat.mongkol@email.com,Platinum,2022-08-28
1034,Burin Fongfah,burin.fongfah@email.com,Silver,2021-11-10
1098,Narin Mongkol,,Gold,2021-05-23
1192,Itthipat Dingam,itthipat.dingam@email.com,Gold,2021-06-16
1177,Pattara Fongfah,pattara.fongfah@email.com,Gold,2021-07-25
1430,Pattara Rakdee,pattara.rakdee@email.com,Platinum,2021-08-30
1840,Wanna Ongkham,wanna.ongkham@email.com,Platinum,2023-05-10
1568,Siriporn Rakdee,siriporn.rakdee@email.com,Platinum,2022-05-09
1134,Itthipat Ongkham,itthipat.ongkham@email.com,Platinum,2021-02-10
1127,Itthipat Fongfah,itthipat.fongfah@email.com,Platinum,2022-05-05
1367,Somchai Mongkol,somchai.mongkol@email.com,Bronze,2023-01-13
1538,Itthipat Sukjai,itthipat.sukjai@email.com,Silver,2021-12-03
1802,Wanna Ongkham,wanna.ongkham@email.com,Platinum,2021-12-20
1449,Itthipat Rakdee,itthipat.rakdee@email.com,Gold,2021-09-14
1057,Burin Panya,burin.panya@email.com,Bronze,2021-04-14
1088,Somsri Rakdee,somsri.rakdee@email.com,Silver,2023-05-31
1687,Siriporn Udomsak,siriporn.udomsak@email.com,Bronze,2022-03-28
1072,Narin Choosri,narin.choosri@email.com,Gold,2023-07-26
1455,Pattara Rakdee,pattara.rakdee@email.com,Gold,2022-09-11
1778,Narin Mongkol,narin.mongkol@email.com,Platinum,2021-06-23
1764,Kamon Udomsak,kamon.udomsak@email.com,Gold,2021-09-02
1189,Somchai Ongkham,somchai.ongkham@email.com,Platinum,2023-06-26
1604,Kamon Udomsak,kamon.udomsak@email.com,Bronze,2021-07-11
1818,Somsri Klinkaew,somsri.klinkaew@email.com,Gold,2021-10-19
1509,Wanna Udomsak,wanna.udomsak@email.com,Platinum,2022-11-08
1229,Pattara Rakdee,pattara.rakdee@email.com,Platinum,2022-12-08
1386,Somchai Mongkol,somchai.mongkol@email.com,Silver,2023-03-02
1148,Wanna Dingam,wanna.dingam@email.com,Silver,2021-02-11
1417,Burin Mongkol,burin.mongkol@email.com,Gold,2022-09-20
1874,Kamon Rakdee,kamon.rakdee@email.com,Platinum,2021-01-26
1584,Fah Mongkol,fah.mongkol@email.com,Platinum,2021-04-04
1211,Narin Panya,narin.panya@email.com,Gold,2023-04-01
1670,Itthipat Dingam,itthipat.dingam@email.com,Gold,2021-05-09
1776,Pattara Klinkaew,pattara.klinkaew@email.com,Silver,2022-07-28
1042,Somchai Dingam,somchai.dingam@email.com,Gold,2023-03-29
1480,Wanna Klinkaew,wanna.klinkaew@email.com,Bronze,2021-10-08
1384,Burin Dingam,burin.dingam@email.com,Platinum,2022-12-17
1133,Somchai Panya,somchai.panya@email.com,GOLD,2021-05-08
1469,Pattara Dingam,pattara.dingam@email.com,Silver,2022-12-24
1468,Wanna Udomsak,wanna.udomsak@email.com,Platinum,2023-11-02
1190,,kamon.sukjai@email.com,Platinum,2022-09-18
1454,Itthipat Sukjai,itthipat.sukjai@email.com,Platinum,2021-03-04
1786,Fah Ongkham,fah.ongkham@email.com,Bronze,2023-01-04
1640,Kamon Mongkol,kamon.mongkol@email.com,Silver,2023-09-09
1035,Fah Choosri,fah.choosri@email.com,Bronze,2022-10-26
1488,Somsri Panya,somsri.panya@email.com,Gold,2022-04-12
1562,Somsri Mongkol,somsri.mongkol@email.com,Gold,2022-05-01
1801,Somsri Ongkham,somsri.ongkham@email.com,Platinum,2023-10-14
1420,Fah Sukjai,fah.sukjai@email.com,Platinum,2022-07-17
1136,Fah Fongfah,fah.fongfah@email.com,Platinum,2023-05-09
1532,Fah Sukjai,fah.sukjai@email.com,Silver,2022-03-25
1224,Pattara Dingam,pattara.dingam@email.com,Platinum,2021-10-24
1070,Narin Sukjai,narin.sukjai@email.com,Gold,2022-06-19
1418,Pattara Sukjai,pattara.sukjai@email.com,Platinum,2021-12-08
1900,Somsri Dingam,somsri.dingam@email.com,Silver,2022-04-07
1666,Somchai Ongkham,somchai.ongkham@email.com,Platinum,2022-04-20
1187,Somsri Fongfah,somsri.fongfah@email.com,Bronze,2022-05-24
1612,Narin Udomsak,narin.udomsak@email.com,Gold,2021-11-29
1747,Somsri Udomsak,somsri.udomsak@email.com,Gold,2023-06-15
1940,Pattara Rakdee,pattara.rakdee@email.com,Gold,2023-06-08
1741,Kamon Dingam,kamon.dingam@email.com,Bronze,2021-05-04
1389,Siriporn Klinkaew,siriporn.klinkaew@email.com,Gold,2023-08-26
1445,Siriporn Ongkham,siriporn.ongkham@email.com,Bronze,2021-09-12
1012,Burin Rakdee,burin.rakdee@email.com,Gold,2023-01-11
1427,Burin Sukjai,burin.sukjai@email.com,Silver,2023-12-21
1760,Wanna Dingam,wanna.dingam@email.com,Bronze,2023-08-25
1358,Pattara Rakdee,pattara.rakdee@email.com,Silver,2023-01-16
1542,Siriporn Rakdee,siriporn.rakdee@email.com,Platinum,2023-07-25
1390,Siriporn Panya,siriporn.panya@email.com,Platinum,2021-01-11
1702,Kamon Choosri,kamon.choosri@email.com,Silver,2022-05-27
1265,Burin Panya,burin.panya@email.com,Bronze,2021-10-16
1922,Kamon Sukjai,kamon.sukjai@email.com,Gold,2023-08-08
1108,Fah Ongkham,,Gold,2021-09-18
1011,Pattara Rakdee,pattara.rakdee@email.com,Bronze,2023-02-15
1901,Itthipat Fongfah,itthipat.fongfah@email.com,Platinum,2023-11-18
1209,Pattara Mongkol,pattara.mongkol@email.com,Platinum,2022-11-14
1777,Burin Klinkaew,burin.klinkaew@email.com,Silver,2023-12-01
1026,Siriporn Rakdee,siriporn.rakdee@email.com,Platinum,2021-07-06
1697,Somsri Choosri,somsri.choosri@email.com,Silver,2022-02-28
1275,Pattara Mongkol,pattara.mongkol@email.com,Platinum,2021-11-13
1346,Pattara Panya,pattara.panya@email.com,Platinum,2022-10-24
1012,Burin Rakdee,burin.rakdee@email.com,Gold,2023-01-11
1304,Fah Ongkham,fah.ongkham@email.com,Gold,2022-06-07
1216,Fah Sukjai,fah.sukjai@email.com,Platinum,2023-06-25
1591,Siriporn Choosri,siriporn.choosri@email.com,Platinum,2022-01-12
1700,Kamon Fongfah,kamon.fongfah@email.com,Gold,2023-11-20
1917,Somchai Fongfah,somchai.fongfah@email.com,Silver,2022-01-06
1171,Kamon Sukjai,kamon.sukjai@email.com,Gold,2023-08-28
1156,Fah Rakdee,fah.rakdee@email.com,Platinum,2023-01-29
1467,Pattara Panya,pattara.panya@email.com,Gold,2023-10-16
1810,Fah Sukjai,fah.sukjai@email.com,Gold,2023-03-07
1579,Itthipat Sukjai,itthipat.sukjai@email.com,Silver,2023-03-24
1525,Siriporn Choosri,siriporn.choosri@email.com,Platinum,2022-10-25
1154,Itthipat Udomsak,itthipat.udomsak@email.com,Silver,2021-07-28
1924,Pattara Dingam,pattara.dingam@email.com,silver,2023-02-21
1914,Kamon Fongfah,kamon.fongfah@email.com,Platinum,2023-04-09
1429,Itthipat Udomsak,itthipat.udomsak@email.com,Bronze,2022-01-17
1360,Fah Sukjai,fah.sukjai@email.com,Bronze,2022-11-17
1762,Wanna Rakdee,wanna.rakdee@email.com,Platinum,2022-04-05
1690,Somsri Panya,somsri.panya@email.com,Bronze,2021-08-22
1912,Somchai Dingam,somchai.dingam@email.com,Bronze,2023-04-08
1371,Somchai Rakdee,somchai.rakdee@email.com,Bronze,2022-11-21
1461,Fah Rakdee,fah.rakdee@email.com,Bronze,2022-10-16
1315,Somsri Fongfah,somsri.fongfah@email.com,Bronze,2022-01-05
1975,Fah Klinkaew,fah.klinkaew@email.com,Silver,2022-11-24
1485,Somchai Rakdee,somchai.rakdee@email.com,Platinum,2022-09-06
1590,Pattara Panya,pattara.panya@email.com,Silver,2022-12-23
1910,Fah Fongfah,fah.fongfah@email.com,Gold,2022-07-22
1909,Kamon Udomsak,kamon.udomsak@email.com,Platinum,2021-05-11
1111,Somchai Klinkaew,somchai.klinkaew@email.com,Gold,2022-08-11
1108,Fah Ongkham,fah.ongkham@email.com,Gold,2021-09-18
1121,Wanna Udomsak,wanna.udomsak@email.com,Platinum,2022-03-25
1852,Kamon Dingam,kamon.dingam@email.com,Bronze,2021-04-12
1424,Burin Dingam,burin.dingam@email.com,Gold,2023-01-12
1489,Wanna Sukjai,wanna.sukjai@email.com,Platinum,2021-12-16
1823,Somsri Dingam,somsri.dingam@email.com,Silver,2022-11-29
1307,Burin Mongkol,burin.mongkol@email.com,Silver,2021-05-03
1736,Narin Udomsak,narin.udomsak@email.com,Silver,2023-10-21
1594,Itthipat Udomsak,itthipat.udomsak@email.com,Silver,2021-01-19
1838,Kamon Dingam,kamon.dingam@email.com,Silver,2021-05-19
1369,Pattara Dingam,pattara.dingam@email.com,Silver,2021-10-09
1598,Wanna Rakdee,wanna.rakdee@email.com,Gold,2022-08-11
1870,Itthipat Choosri,itthipat.choosri@email.com,Bronze,2023-05-18
1939,Burin Klinkaew,burin.klinkaew@email.com,Gold,2022-08-19
1609,Somsri Panya,somsri.panya@email.com,Gold,2021-04-06
1974,Pattara Klinkaew,pattara.klinkaew@email.com,Bronze,2022-06-20
1053,Burin Klinkaew,burin.klinkaew@email.com,Platinum,2022-11-26
1496,Pattara Rakdee,pattara.rakdee@email.com,Platinum,2022-10-05
1238,Pattara Fongfah,pattara.fongfah@email.com,Gold,2023-03-26
1297,Fah Sukjai,fah.sukjai@email.com,Silver,2021-05-15
1866,Narin Rakdee,narin.rakdee@email.com,Platinum,2022-04-28
1350,Burin Fongfah,burin.fongfah@email.com,Platinum,2023-07-15
1878,Somchai Mongkol,somchai.mongkol@email.com,Platinum,2022-06-25
1021,Narin Fongfah,narin.fongfah@email.com,Bronze,2022-03-09
1397,Kamon Ongkham,kamon.ongkham@email.com,Bronze,2022-12-24
1353,Somsri Rakdee,somsri.rakdee@email.com,Bronze,2023-07-11
1095,Narin Klinkaew,narin.klinkaew@email.com,Platinum,2022-04-01
1555,Fah Choosri,fah.choosri@email.com,Gold,2022-01-22
1940,Pattara Rakdee,pattara.rakdee@email.com,Gold,2023-06-08
1980,Siriporn Udomsak,siriporn.udomsak@email.com,Platinum,2022-10-19
1223,Somchai Fongfah,somchai.fongfah@email.com,Platinum,2023-09-16
1822,Somchai Panya,somchai.panya@email.com,Bronze,2022-11-11
1950,Itthipat Klinkaew,itthipat.klinkaew@email.com,Gold,2023-05-12
1450,Kamon Sukjai,kamon.sukjai@email.com,Bronze,2023-10-27
1895,Somchai Ongkham,somchai.ongkham@email.com,Bronze,2021-03-04
1718,Narin Fongfah,narin.fongfah@email.com,Silver,2023-05-30
1311,Burin Sukjai,burin.sukjai@email.com,Silver,2021-11-13
1601,Itthipat Sukjai,itthipat.sukjai@email.com,Gold,2022-12-27
1045,Wanna Sukjai,wanna.sukjai@email.com,Silver,2022-03-28
1880,Siriporn Fongfah,siriporn.fongfah@email.com,Platinum,2021-10-22
1547,Burin Panya,burin.panya@email.com,Bronze,2022-08-11
1140,Siriporn Panya,siriporn.panya@email.com,gold,2023-12-30
1288,Fah Dingam,fah.dingam@email.com,Gold,2021-02-02
1556,Burin Klinkaew,burin.klinkaew@email.com,Platinum,2021-02-02
1310,Kamon Sukjai,kamon.sukjai@email.com,Gold,2022-12-22
1001,Burin Klinkaew,burin.klinkaew@email.com,Gold,2022-05-17
1799,Siriporn Udomsak,siriporn.udomsak@email.com,Gold,2021-09-08
1120,Pattara Ongkham,pattara.ongkham@email.com,Silver,2021-10-30
1349,Somsri Klinkaew,somsri.klinkaew@email.com,Gold,2023-11-06
1890,Siriporn Udomsak,siriporn.udomsak@email.com,Gold,2023-11-04
1957,Pattara Mongkol,pattara.mongkol@email.com,Silver,2021-01-06
1918,Kamon Udomsak,kamon.udomsak@email.com,Platinum,2021-09-20
1512,Pattara Dingam,pattara.dingam@email.com,Gold,2022-10-20
1774,Fah Klinkaew,fah.klinkaew@email.com,Platinum,2022-09-22
1935,Wanna Mongkol,wanna.mongkol@email.com,Silver,2021-02-06
1342,Somchai Udomsak,somchai.udomsak@email.com,Silver,2022-12-17
1463,Pattara Dingam,pattara.dingam@email.com,Silver,2021-07-18
1743,Narin Ongkham,narin.ongkham@email.com,Platinum,2021-06-18
1740,Burin Klinkaew,burin.klinkaew@email.com,Bronze,2021-01-29
1849,Narin Choosri,narin.choosri@email.com,Platinum,2021-11-18
1767,Pattara Fongfah,pattara.fongfah@email.com,Gold,2022-11-02
1431,Kamon Fongfah,kamon.fongfah@email.com,Platinum,2022-03-16
1811,Kamon Choosri,kamon.choosri@email.com,Bronze,2022-10-16
1595,Itthipat Rakdee,itthipat.rakdee@email.com,Platinum,2023-02-04
1271,Burin Panya,burin.panya@email.com,Gold,2023-04-17
1498,Kamon Sukjai,kamon.sukjai@email.com,platinum,2022-01-29
1232,Itthipat Ongkham,itthipat.ongkham@email.com,Bronze,2022-10-14
1234,Pattara Klinkaew,pattara.klinkaew@email.com,Silver,2023-10-26
1046,Wanna Udomsak,wanna.udomsak@email.com,Bronze,2022-04-14
1243,Siriporn Fongfah,siriporn.fongfah@email.com,Bronze,2021-04-05
1779,Somsri Udomsak,somsri.udomsak@email.com,Silver,2023-03-19
1484,Somsri Fongfah,somsri.fongfah@email.com,Gold,2023-11-05
1781,Siriporn Dingam,siriporn.dingam@email.com,Gold,2022-06-19
1655,Itthipat Rakdee,itthipat.rakdee@email.com,Silver,2023-07-02
1082,Itthipat Fongfah,itthipat.fongfah@email.com,Platinum,2022-05-30
1970,Siriporn Udomsak,siriporn.udomsak@email.com,Platinum,2023-09-16
1239,Burin Mongkol,burin.mongkol@email.com,Platinum,2022-10-11
1863,Somsri Klinkaew,somsri.klinkaew@email.com,Silver,2021-07-18
1685,Narin Rakdee,narin.rakdee@email.com,Platinum,2023-04-18
1651,Fah Rakdee,fah.rakdee@email.com,Bronze,2021-08-12
1425,Narin Sukjai,N/A,Bronze,2021-11-11
1466,Itthipat Choosri,itthipat.choosri@email.com,Platinum,2023-11-21
1734,Kamon Dingam,kamon.dingam@email.com,Silver,2023-03-14
1819,Somsri Dingam,somsri.dingam@email.com,Platinum,2022-09-25
1602,Kamon Ongkham,kamon.ongkham@email.com,Bronze,2023-02-04
1954,Somsri Dingam,somsri.dingam@email.com,Gold,2023-12-08
1732,Itthipat Fongfah,itthipat.fongfah@email.com,Bronze,2022-05-24
1864,Burin Mongkol,burin.mongkol@email.com,Platinum,2022-04-11
1672,Fah Dingam,fah.dingam@email.com,Platinum,2021-08-22
1978,Siriporn Rakdee,siriporn.rakdee@email.com,Bronze,2021-01-24
1965,Fah Mongkol,fah.mongkol@email.com,Platinum,2022-07-04
1333,Somchai Mongkol,somchai.mongkol@email.com,Bronze,2023-03-25
1318,Burin Choosri,burin.choosri@email.com,Bronze,2021-07-07
1230,Fah Rakdee,fah.rakdee@email.com,Platinum,2023-07-22
1287,Burin Klinkaew,burin.klinkaew@email.com,Silver,2021-01-31
1398,Itthipat Sukjai,itthipat.sukjai@email.com,Platinum,2022-01-19
1542,Siriporn Rakdee,siriporn.rakdee@email.com,Platinum,2023-07-25
1063,Siriporn Dingam,siriporn.dingam@email.com,Gold,2022-03-22
1879,Narin Panya,narin.panya@email.com,Platinum,2021-03-18
1447,Siriporn Mongkol,siriporn.mongkol@email.com,Silver,2022-12-10
1684,Wanna Panya,wanna.panya@email.com,Silver,2022-02-04
1887,Narin Sukjai,narin.sukjai@email.com,Bronze,2022-01-20
1476,Somchai Panya,somchai.panya@email.com,Gold,2021-09-01
1469,Pattara Dingam,pattara.dingam@email.com,Silver,2022-12-24
1414,Pattara Mongkol,pattara.mongkol@email.com,Gold,2021-06-19
1853,Narin Sukjai,narin.sukjai@email.com,Platinum,2021-11-11
1074,Somsri Sukjai,somsri.sukjai@email.com,gold,2021-05-31
1465,Itthipat Choosri,itthipat.choosri@email.com,Gold,2022-10-03
1571,Somchai Rakdee,somchai.rakdee@email.com,Silver,2023-03-07
1775,Burin Dingam,burin.dingam@email.com,Silver,2023-05-10
1119,Narin Sukjai,narin.sukjai@email.com,Silver,2023-02-26
1002,Itthipat Choosri,itthipat.choosri@email.com,Bronze,2021-06-28
1573,Burin Panya,burin.panya@email.com,Gold,2021-07-09
1395,Burin Udomsak,burin.udomsak@email.com,Platinum,2021-02-03
1459,Itthipat Mongkol,itthipat.mongkol@email.com,Silver,2022-10-03
1245,Fah Ongkham,fah.ongkham@email.com,Silver,2022-05-16
1214,Narin Rakdee,narin.rakdee@email.com,Bronze,2023-08-05
1329,Itthipat Fongfah,itthipat.fongfah@email.com,Silver,2021-10-09
1605,Narin Ongkham,narin.ongkham@email.com,Platinum,2023-09-02
1569,Itthipat Fongfah,itthipat.fongfah@email.com,Silver,2023-08-07
1647,Pattara Choosri,pattara.choosri@email.com,Gold,2022-05-11
1650,Somchai Rakdee,somchai.rakdee@email.com,Platinum,2021-03-17
1780,Burin Sukjai,burin.sukjai@email.com,Bronze,2023-06-10
1238,Pattara Fongfah,pattara.fongfah@email.com,Gold,2023-03-26
1829,Narin Panya,narin.panya@email.com,Gold,2021-12-23
1554,Narin Dingam,narin.dingam@email.com,Silver,2023-08-02
1260,Wanna Sukjai,wanna.sukjai@email.com,Gold,2021-09-27
1402,Kamon Klinkaew,kamon.klinkaew@email.com,Gold,2021-05-19
1987,Wanna Rakdee,wanna.rakdee@email.com,Bronze,2021-07-06
1096,Itthipat Panya,itthipat.panya@email.com,Gold,2022-09-18
1338,Fah Udomsak,fah.udomsak@email.com,Platinum,2021-08-05
1010,Fah Sukjai,fah.sukjai@email.com,Gold,2021-03-30
1783,Pattara Fongfah,pattara.fongfah@email.com,Silver,2021-06-02
1349,Somsri Klinkaew,null,Gold,2023-11-06
1266,Itthipat Ongkham,itthipat.ongkham@email.com,Gold,2021-07-04
1151,Kamon Mongkol,kamon.mongkol@email.com,Silver,2021-08-23
1622,Siriporn Ongkham,siriporn.ongkham@email.com,Gold,2023-01-09
1117,Siriporn Klinkaew,siriporn.klinkaew@email.com,Bronze,2022-05-17
1926,Siriporn Choosri,siriporn.choosri@email.com,Silver,2022-12-03
1912,Somchai Dingam,somchai.dingam@email.com,Bronze,2023-04-08
1842,Fah Rakdee,fah.rakdee@email.com,Platinum,2021-07-27
1708,Burin Panya,burin.panya@email.com,Gold,2021-05-10
1067,Burin Choosri,burin.choosri@email.com,Bronze,2021-05-20
1731,Fah Ongkham,fah.ongkham@email.com,platinum,2021-10-14
1055,Somchai Panya,somchai.panya@email.com,Silver,2023-05-15
1996,Narin Udomsak,narin.udomsak@email.com,Gold,2022-02-06
1406,Siriporn Udomsak,,Platinum,2021-03-17
1151,Kamon Mongkol,,Silver,2021-08-23
1862,Pattara Fongfah,pattara.fongfah@email.com,Silver,2022-07-05
1205,Burin Dingam,burin.dingam@email.com,Bronze,2022-07-06
1930,Wanna Panya,wanna.panya@email.com,Gold,2022-03-05
1695,Pattara Udomsak,pattara.udomsak@email.com,Silver,2022-03-06
1452,Somsri Sukjai,somsri.sukjai@email.com,Gold,2021-03-26
1025,Somsri Ongkham,somsri.ongkham@email.com,Gold,2022-03-26
1988,Somsri Sukjai,somsri.sukjai@email.com,Gold,2023-11-08
1753,Fah Choosri,fah.choosri@email.com,Gold,2021-08-30
1677,Fah Udomsak,fah.udomsak@email.com,Silver,2022-09-18
1178,Itthipat Fongfah,itthipat.fongfah@email.com,Silver,2023-01-10
1388,Fah Udomsak,fah.udomsak@email.com,Gold,2021-10-27
1501,Fah Panya,fah.panya@email.com,Gold,2022-07-15
1309,Narin Mongkol,narin.mongkol@email.com,Platinum,2021-04-16
1182,Burin Klinkaew,burin.klinkaew@email.com,Gold,2023-08-20
1097,Itthipat Dingam,itthipat.dingam@email.com,Bronze,2022-01-31
1624,Pattara Mongkol,pattara.mongkol@email.com,Gold,2021-07-29
1167,Somchai Dingam,somchai.dingam@email.com,Bronze,2022-05-10
1334,Wanna Ongkham,wanna.ongkham@email.com,Bronze,2023-07-31
1054,Burin Dingam,burin.dingam@email.com,Silver,2022-01-25
1251,Burin Panya,burin.panya@email.com,Gold,2022-09-05
1707,Pattara Panya,pattara.panya@email.com,Gold,2021-01-06
1446,Somchai Choosri,somchai.choosri@email.com,Gold,2021-12-04
1773,Itthipat Rakdee,itthipat.rakdee@email.com,Gold,2021-01-20
1520,Burin Mongkol,burin.mongkol@email.com,Silver,2023-07-29
1693,Burin Dingam,burin.dingam@email.com,Gold,2021-03-08
1638,Narin Mongkol,narin.mongkol@email.com,Platinum,2022-11-06
1984,Somsri Panya,somsri.panya@email.com,Bronze,2023-10-18
1173,Somchai Mongkol,somchai.mongkol@email.com,Gold,2023-07-19
1669,Somsri Ongkham,somsri.ongkham@email.com,Platinum,2021-01-10
1491,Itthipat Klinkaew,itthipat.klinkaew@email.com,Bronze,2022-01-26
1919,Kamon Rakdee,kamon.rakdee@email.com,Silver,2022-11-19
1742,Narin Rakdee,narin.rakdee@email.com,Gold,2023-10-24
1837,Burin Mongkol,burin.mongkol@email.com,Platinum,2021-01-24
1009,Burin Ongkham,burin.ongkham@email.com,Bronze,2023-01-06
1170,Kamon Dingam,kamon.dingam@email.com,Platinum,2022-05-14
1394,Wanna Dingam,wanna.dingam@email.com,Platinum,2023-07-26
1611,Fah Klinkaew,fah.klinkaew@email.com,Silver,2021-10-23
1483,Somsri Mongkol,somsri.mongkol@email.com,Silver,2023-03-16
1473,Fah Ongkham,fah.ongkham@email.com,Gold,2021-04-03
1754,Wanna Mongkol,wanna.mongkol@email.com,Platinum,2022-07-12
1408,Wanna Mongkol,wanna.mongkol@email.com,Gold,2023-11-22
1475,Somchai Fongfah,somchai.fongfah@email.com,Bronze,2023-03-03
1290,Narin Rakdee,narin.rakdee@email.com,Bronze,2021-05-11
1022,Somsri Mongkol,somsri.mongkol@email.com,Silver,2023-10-20
1584,Fah Mongkol,,Platinum,2021-04-04
1566,Fah Ongkham,fah.ongkham@email.com,Gold,2023-05-03
1752,Fah Rakdee,fah.rakdee@email.com,Gold,2021-12-08
1933,Narin Ongkham,narin.ongkham@email.com,Platinum,2023-02-25
1503,Fah Choosri,,Gold,2021-03-28
1052,Narin Ongkham,narin.ongkham@email.com,Platinum,2021-04-21
